{"cameraMode":{"drawMode":0,"name":"Shaded","section":"Shading Mode"},"sceneLighting":false,"audioPlay":false,"sceneViewState":{"showFog":true,"showMaterialUpdate":true,"showSkybox":true,"showFlares":true,"showImageEffects":true,"showParticleSystems":true},"in2DMode":false,"pivot":{"x":51.51387405395508,"y":17.239856719970704,"z":61.55078125},"rotation":{"x":0.017363451421260835,"y":0.6611930727958679,"z":-0.01658366061747074,"w":0.7500635385513306},"size":66.52594757080078,"orthographic":false}