{"cameraMode":{"drawMode":0,"name":"Shaded","section":"Shading Mode"},"sceneLighting":false,"audioPlay":false,"sceneViewState":{"showFog":true,"showMaterialUpdate":true,"showSkybox":true,"showFlares":true,"showImageEffects":true,"showParticleSystems":true},"in2DMode":false,"pivot":{"x":-11.910686492919922,"y":-16.458179473876954,"z":-8.85042667388916},"rotation":{"x":0.3894774615764618,"y":-0.48025020956993105,"z":0.25107935070991518,"w":0.7447953224182129},"size":44.322078704833987,"orthographic":false}