{"cameraMode":{"drawMode":0,"name":"Shaded","section":"Shading Mode"},"sceneLighting":false,"audioPlay":false,"sceneViewState":{"showFog":true,"showMaterialUpdate":true,"showSkybox":false,"showFlares":true,"showImageEffects":true,"showParticleSystems":true},"in2DMode":false,"pivot":{"x":45.31161117553711,"y":4.071674346923828,"z":63.88853073120117},"rotation":{"x":0.01190664991736412,"y":-0.9266487956047058,"z":0.375047892332077,"w":0.02868535742163658},"size":4.041658401489258,"orthographic":false}