{"cameraMode":{"drawMode":0,"name":"Shaded","section":"Shading Mode"},"sceneLighting":false,"audioPlay":false,"sceneViewState":{"showFog":true,"showMaterialUpdate":true,"showSkybox":true,"showFlares":true,"showImageEffects":true,"showParticleSystems":true},"in2DMode":false,"pivot":{"x":35.5889778137207,"y":21.23552703857422,"z":49.199928283691409},"rotation":{"x":-0.5045332908630371,"y":-0.1711803525686264,"z":0.10317467898130417,"w":-0.8401123285293579},"size":16.63994026184082,"orthographic":false}